7,10,5
GGTTG,0,4
GGTTG,1,57
GGTTG,2,44
GGTTG,3,95
GGTAG,4,35
GGTAG,5,164
GGTAG,6,99

AGTGGGTTGGGTTGGGAATAGGCATGAGGTGATTTAAGAGCCTGCGTATGGGGTATGGGCGGCCGGTACGGTTTCAGTTCGCCCCTATAGGGTATAGTAGACAGCCTTGGGATCGCCCGCCGAGCCCATTAGTGCACTCATTGCTGAAGTATCCTTTTCTTATGAGCAAATACACGCGCCATTTGCGAACAAAGGCAACCTA
ACGGGAGAGATTTTTAACTCTGTTGAAACGCGACGCAGCGGGAAGTTCCGATGTAAGGGTTGGGTTGGTTTAACCTCCGGGGAGCACAGCTAGGGGAGTCCAGGGAGGTATGTGGGGTTTAAGAGCCGCCGTCAAATGCAT
GCACTGACTCCGAGCAAGCTATAAACCTCTACGCATGGCCGCCGGGTTGGGTTGAGTCCTAGCTGCCTGTCCGGTGTTCATTATTATTATTTCTAGC
GGTACTCAATCCTATTTTTGCGTACAAAAACTCCCCCTGAAGGAAAGTCCTGAACCCCAATTCACTGTTAATGTAGACGCCATGGTGTTGCCGATGGTTGGGTTGAAGAAGAGGAAATTTATAGCAATACGCAAGTTGCGCCAAAATTTAGTTTGTCGTCGTCGGCTAGGTCGGTGATTGCACGACTTGAGGCTCCGACCATTTTTGTAC
TTCTTACAGGAGACCTAGGCGTACCGGTCCGCACTGGTAGGGTAGCTGTTACCAAACGTATGATTTTTTCGGGAAGGC
TCGTACCCCCGTGGTCTCACCTGGGGCTACGGCGAGGAGTTCCTCTCGTGACTATATGCCCAGGGGATCTCGAGCAATTAGCCTGACTCGCCTCCTTCCCCTCTTCCTACCTTACCTTCCATTGGGTCGCTTTACACCGTACCTTATAGCGACATCGTCGATCCGGTAGGGTAGCTCACACCAGCACAGGTTAGGCTAAGACATCTTGGT
TCGTACCCCCGTGGTCTCACCTGGGGCTACGGCGAGGAGTTCCTCTCGTGACTATATGCCCAGGGGATCTCGAGCAATTAGCCTGACTCGCCTCCTTCCGGTAGCAGAAGCCTGGGTAGCCTCTTCCTACCTTACCTTCCATTGGGTCGCTTTACACCGTACCTTATAGCGACATCGTCGATCCGGTAGGGTAGCTCACACCAGCACAGGTTAGGCTAAGACATCTTGGT
